{"cameraMode":{"drawMode":0,"name":"Shaded","section":"Shading Mode"},"sceneLighting":false,"audioPlay":false,"sceneViewState":{"m_AlwaysRefresh":false,"showFog":true,"showSkybox":true,"showFlares":true,"showImageEffects":true,"showParticleSystems":true,"showVisualEffectGraphs":true,"m_FxEnabled":true},"in2DMode":false,"pivot":{"x":-2.974238395690918,"y":0.16843533515930177,"z":-0.14507341384887696},"rotation":{"x":-0.48107653856277468,"y":-0.08209078758955002,"z":0.04530942067503929,"w":-0.8716558218002319},"size":5.80399751663208,"orthographic":false}