{"cameraMode":{"drawMode":0,"name":"Shaded","section":"Shading Mode"},"sceneLighting":false,"audioPlay":false,"sceneViewState":{"m_AlwaysRefresh":false,"showFog":true,"showSkybox":true,"showFlares":true,"showImageEffects":true,"showParticleSystems":true,"showVisualEffectGraphs":true,"m_FxEnabled":true},"in2DMode":false,"pivot":{"x":-1.1507556438446046,"y":-0.2986355125904083,"z":0.7080421447753906},"rotation":{"x":0.3267260789871216,"y":0.32882750034332278,"z":-0.12241524457931519,"w":0.8775920867919922},"size":14.75504207611084,"orthographic":true}