{"cameraMode":{"drawMode":0,"name":"Shaded","section":"Shading Mode"},"sceneLighting":false,"audioPlay":false,"sceneViewState":{"m_AlwaysRefresh":false,"showFog":true,"showSkybox":true,"showFlares":true,"showImageEffects":true,"showParticleSystems":true,"showVisualEffectGraphs":true,"m_FxEnabled":true},"in2DMode":false,"pivot":{"x":0.5817522406578064,"y":0.7231513857841492,"z":-0.6432832479476929},"rotation":{"x":0.0032190352212637665,"y":0.9954025149345398,"z":-0.08863446116447449,"w":0.036149635910987857},"size":7.200270175933838,"orthographic":false}